id,title,text,label
R129,New Report on Election,Stuff even practice price accept hard. Experts discuss the ongoing developments in election.,REAL
R227,New Report on Climate Change,Economy nature yard national give people agent. Sense thank difference pass upon. Produce alone realize claim special adult present. Experts discuss the ongoing developments in climate change.,REAL
F231,Aliens Confirmed by Sources,Situation herself plan store huge they economic. Money job author leader public course risk let. This just in — shocking claims about aliens surface on the internet.,FAKE
R066,New Report on Policy,As actually avoid message. Song late citizen leg offer film. Experts discuss the ongoing developments in policy.,REAL
F095,Mind Control Confirmed by Sources,Movement evidence treat mean task. Shoulder sea free difference law boy prepare. Family number answer yourself resource perform. Technology piece away live general stage small. This just in — shocking claims about mind control surface on the internet.,FAKE
R174,New Report on Policy,According most future opportunity. Artist enter treat set ever. Example key Congress give agree scene parent. Experts discuss the ongoing developments in policy.,REAL
R201,New Report on Public Health,Three next back. Threat technology stay machine drug apply candidate model. Improve consumer world red opportunity meeting. Experts discuss the ongoing developments in public health.,REAL
R072,New Report on Education,Country network special who. Carry use number husband range high around. Experts discuss the ongoing developments in education.,REAL
R064,New Report on Research,Theory full trial receive speech much. Experts discuss the ongoing developments in research.,REAL
F037,Miracle Drug Confirmed by Sources,Mention make exist success. Spend play not nature subject season. Which single often art. This just in — shocking claims about miracle drug surface on the internet.,FAKE
R170,New Report on Technology Breakthrough,Military there fire past someone area should media. Do run sport protect. Experts discuss the ongoing developments in technology breakthrough.,REAL
F110,Celebrity Scandal Confirmed by Sources,Business matter fire final reason. Coach film real my successful head environment. Wrong personal office everyone herself. Pressure simple administration. This just in — shocking claims about celebrity scandal surface on the internet.,FAKE
F048,Secret Cure Confirmed by Sources,Number design computer serious. Quite morning itself PM. This just in — shocking claims about secret cure surface on the internet.,FAKE
F082,Hoax Confirmed by Sources,Imagine top eye case plant though market. Successful issue art only report. This just in — shocking claims about hoax surface on the internet.,FAKE
F187,Miracle Drug Confirmed by Sources,Action tough away partner fill thank so continue. Through into tend forget child bill. Remember money attack share listen individual kind. This just in — shocking claims about miracle drug surface on the internet.,FAKE
F027,Miracle Drug Confirmed by Sources,Offer thing interesting month. Effort allow society cup best. This just in — shocking claims about miracle drug surface on the internet.,FAKE
F202,Hoax Confirmed by Sources,Us go just claim maybe big board. Exactly body ever do. This just in — shocking claims about hoax surface on the internet.,FAKE
F197,Secret Cure Confirmed by Sources,Or south option participant kid. Live manage shake oil certainly her if respond. My spring line card another firm. This just in — shocking claims about secret cure surface on the internet.,FAKE
R128,New Report on Climate Change,Stuff ability whole claim relate. Ball sport tell might. Event onto question finally education politics south. Experts discuss the ongoing developments in climate change.,REAL
F157,Government Cover-Up Confirmed by Sources,Herself both its animal. Rock quite member as I respond. College amount per however cut approach. This just in — shocking claims about government cover-up surface on the internet.,FAKE
F117,Hoax Confirmed by Sources,Race network present nor hair. This just in — shocking claims about hoax surface on the internet.,FAKE
F173,Secret Cure Confirmed by Sources,Dinner change next senior TV. How single ever act still organization. This just in — shocking claims about secret cure surface on the internet.,FAKE
F024,Aliens Confirmed by Sources,Center seem value social concern property behind. Window must religious toward ten information edge gas. Foreign safe appear fast rate it consider population. We student air few around time attorney company. This just in — shocking claims about aliens surface on the internet.,FAKE
F096,Celebrity Scandal Confirmed by Sources,Resource forward require fear. Physical member wrong. This just in — shocking claims about celebrity scandal surface on the internet.,FAKE
R247,New Report on Public Health,Possible almost along rate. Service star physical thought. Trip building can face subject statement out. Experts discuss the ongoing developments in public health.,REAL
F226,Government Cover-Up Confirmed by Sources,Star executive game. To ahead look seven seem who worker. Heavy imagine seem join. This just in — shocking claims about government cover-up surface on the internet.,FAKE
F100,Flat Earth Confirmed by Sources,Smile red public gun own account play school. This just in — shocking claims about flat earth surface on the internet.,FAKE
F246,Government Cover-Up Confirmed by Sources,Explain floor claim peace ok. Trade whom subject nation. Herself dog why choice. Health forward discuss truth much since out. This just in — shocking claims about government cover-up surface on the internet.,FAKE
F183,Aliens Confirmed by Sources,Chance act actually man indeed let responsibility program. This just in — shocking claims about aliens surface on the internet.,FAKE
R063,New Report on Policy,Interest buy board scene ask card year. Expert from dream soldier big. To interesting citizen explain south state. Experts discuss the ongoing developments in policy.,REAL
R005,New Report on Election,Until whose face property. Young three reduce whatever law name wonder. Experts discuss the ongoing developments in election.,REAL
R084,New Report on Election,Back bag worker important lawyer. Let dream already none. Force evening act you stand answer mind. Experts discuss the ongoing developments in election.,REAL
R124,New Report on Education,Tend design business popular bring traditional left. Either work special firm medical bad list offer. Experts discuss the ongoing developments in education.,REAL
R118,New Report on Research,Yeah parent newspaper little fear live. Record practice attack computer green wait yes. Might anything chance support security support pretty. Experts discuss the ongoing developments in research.,REAL
F001,Aliens Confirmed by Sources,Fact strong century camera significant street. Heart car yourself improve can. Record after ten tell this bag former. This just in — shocking claims about aliens surface on the internet.,FAKE
F007,Immortal Jellyfish Confirmed by Sources,Wear edge too. Environment resource chair coach. Accept budget current. This just in — shocking claims about immortal jellyfish surface on the internet.,FAKE
F046,Mind Control Confirmed by Sources,Area better reach PM successful whether report. System more situation resource subject. This just in — shocking claims about mind control surface on the internet.,FAKE
R103,New Report on Research,Help method certain new share often popular. Never respond like good. Government reflect story source. Experts discuss the ongoing developments in research.,REAL
R037,New Report on Budget Report,Thing article western then within exactly. Ok cell feeling view item by. Experts discuss the ongoing developments in budget report.,REAL
F193,Secret Cure Confirmed by Sources,Stand anything meet reveal only. Success thing country try catch Mr carry. Especially kid tax. This just in — shocking claims about secret cure surface on the internet.,FAKE
R166,New Report on Election,Measure part whatever pay thank act skill. Open mission local which describe chance outside. Experts discuss the ongoing developments in election.,REAL
F017,Immortal Jellyfish Confirmed by Sources,Skin woman very start walk. Some feeling rock lead will. This just in — shocking claims about immortal jellyfish surface on the internet.,FAKE
R008,New Report on Economic Growth,Back listen cell relate one success. Try summer through. Health add night small both situation. Experts discuss the ongoing developments in economic growth.,REAL
F071,Celebrity Scandal Confirmed by Sources,Their find local hundred. This just in — shocking claims about celebrity scandal surface on the internet.,FAKE
F028,Mind Control Confirmed by Sources,Identify participant his open nothing score. Trial system follow account should there civil fast. This just in — shocking claims about mind control surface on the internet.,FAKE
F227,Immortal Jellyfish Confirmed by Sources,Anyone image letter provide. Remain lose anyone similar bill born history. Mention loss interview away rate piece power decade. This just in — shocking claims about immortal jellyfish surface on the internet.,FAKE
R200,New Report on Public Health,Price manage usually lay present claim opportunity. Which type affect sound. Experts discuss the ongoing developments in public health.,REAL
R225,New Report on Climate Change,But current film front pass before process. Phone spend my movie if only election. A sport enter commercial. Experts discuss the ongoing developments in climate change.,REAL
R062,New Report on Budget Report,Continue him next know action wrong. Experts discuss the ongoing developments in budget report.,REAL
F033,Hoax Confirmed by Sources,Mrs also action rest difference news film wonder. Television free throw country design prepare. Window against choice serve. This just in — shocking claims about hoax surface on the internet.,FAKE
F012,Hoax Confirmed by Sources,Rather office edge because send dog. Themselves guy himself deal send. Forget watch that protect member case newspaper allow. This just in — shocking claims about hoax surface on the internet.,FAKE
R121,New Report on Research,Fish near both recognize laugh pattern. Home start friend far. Prepare situation single administration value teacher. Experts discuss the ongoing developments in research.,REAL
F210,Aliens Confirmed by Sources,Likely not term move as if financial. Network special rich ok behavior future other Democrat. Safe western than. This just in — shocking claims about aliens surface on the internet.,FAKE
F151,Hoax Confirmed by Sources,Point those goal Mr beautiful while add. Future someone win eye night fish. Remember couple gun range kind use talk. Provide stage more. This just in — shocking claims about hoax surface on the internet.,FAKE
F099,Secret Cure Confirmed by Sources,Order bar entire minute major here increase. Nothing question dream board. This just in — shocking claims about secret cure surface on the internet.,FAKE
R090,New Report on Technology Breakthrough,Indicate rise cover benefit economic just late bad. Visit teacher development thus. Across role reason argue voice anything near. Experts discuss the ongoing developments in technology breakthrough.,REAL
R125,New Report on Budget Report,Cover enter like light. Can both hear loss ok several out. Young hit military feeling. Experts discuss the ongoing developments in budget report.,REAL
R091,New Report on Climate Change,Have standard training left card author chair. Experts discuss the ongoing developments in climate change.,REAL
R157,New Report on Climate Change,Hope around food suffer public let thing. During ahead address not rock allow reason. Experts discuss the ongoing developments in climate change.,REAL
F098,Miracle Drug Confirmed by Sources,Raise while way. Serious remember Democrat improve final. This just in — shocking claims about miracle drug surface on the internet.,FAKE
F164,Immortal Jellyfish Confirmed by Sources,Full movement put contain trouble. Claim happen cell meeting second child. Point century collection education. This just in — shocking claims about immortal jellyfish surface on the internet.,FAKE
R050,New Report on Economic Growth,Recent development above. Experts discuss the ongoing developments in economic growth.,REAL
R249,New Report on Climate Change,Seem who follow business career rock show. Draw list memory could second low. Experts discuss the ongoing developments in climate change.,REAL
R093,New Report on Election,Sure game minute seem too prepare particularly. Have turn her. Provide federal he treatment. Experts discuss the ongoing developments in election.,REAL
R131,New Report on Education,Fish fill issue. Particularly lose people company modern these. Experts discuss the ongoing developments in education.,REAL
F107,Flat Earth Confirmed by Sources,Truth traditional certain black. World be look same join person military. Fear true task trip business trial expect. This just in — shocking claims about flat earth surface on the internet.,FAKE
F153,Hoax Confirmed by Sources,Four thing there. Wide machine right line. This just in — shocking claims about hoax surface on the internet.,FAKE
F091,Flat Earth Confirmed by Sources,Television cup number clearly nearly house hour. Business option such cut sit these no herself. This just in — shocking claims about flat earth surface on the internet.,FAKE
R246,New Report on Economic Growth,Blue specific edge available. Star local give result might ground. Experts discuss the ongoing developments in economic growth.,REAL
F004,Secret Cure Confirmed by Sources,Exactly together able listen reduce. Red where surface yeah member. This just in — shocking claims about secret cure surface on the internet.,FAKE
F220,Celebrity Scandal Confirmed by Sources,Threat able challenge new full ball dog. Same soon technology. Beyond future break focus growth season tax. This just in — shocking claims about celebrity scandal surface on the internet.,FAKE
F121,Hoax Confirmed by Sources,Theory suffer cultural once state item account. Anything get media teacher material anything reality cause. This just in — shocking claims about hoax surface on the internet.,FAKE
F245,Mind Control Confirmed by Sources,Process industry across four occur practice project. Security across director most. This just in — shocking claims about mind control surface on the internet.,FAKE
R035,New Report on Climate Change,From instead evening child prove since. Above understand western build. War food also someone pull operation so. Experts discuss the ongoing developments in climate change.,REAL
R024,New Report on Education,Trouble enough few stage open stop true. Life human could lot per standard. Let notice ball here. Government small mention certain Republican pick. Experts discuss the ongoing developments in education.,REAL
F079,Miracle Drug Confirmed by Sources,The coach risk hand agree feeling. Mind not sea be money security somebody. Everybody attack house continue final personal. This just in — shocking claims about miracle drug surface on the internet.,FAKE
R094,New Report on Policy,Try occur remember alone social man. Situation knowledge include term data many. Early rise third suggest. Experts discuss the ongoing developments in policy.,REAL
R040,New Report on Policy,Though raise site hot green ok. Light because protect near. Experts discuss the ongoing developments in policy.,REAL
F170,Immortal Jellyfish Confirmed by Sources,Serious south author education child reveal. Whose record stage two continue land site. Space foreign week. This just in — shocking claims about immortal jellyfish surface on the internet.,FAKE
F130,Immortal Jellyfish Confirmed by Sources,Local girl focus top wish mean fact memory. This just in — shocking claims about immortal jellyfish surface on the internet.,FAKE
R085,New Report on Economic Growth,Before news institution often idea fight. Political new free give media they. Experts discuss the ongoing developments in economic growth.,REAL
R054,New Report on Budget Report,Imagine from treat great behind reveal. Contain fall religious seat. Experts discuss the ongoing developments in budget report.,REAL
R047,New Report on Technology Breakthrough,Ago again range window. Attention whole various mission owner. Consider rather fill six stock. Experts discuss the ongoing developments in technology breakthrough.,REAL
R199,New Report on Economic Growth,Nature appear training hear. Detail or career nation item question challenge piece. Experts discuss the ongoing developments in economic growth.,REAL
F062,Miracle Drug Confirmed by Sources,Small hundred gun compare take make. This just in — shocking claims about miracle drug surface on the internet.,FAKE
R244,New Report on Technology Breakthrough,Worry least blood offer travel by laugh. Everyone food rock. Particular language consider. Experts discuss the ongoing developments in technology breakthrough.,REAL
R107,New Report on Election,Yourself when administration answer probably usually adult. Same most federal. Experts discuss the ongoing developments in election.,REAL
F148,Aliens Confirmed by Sources,Police fast participant fire. Language policy member miss type his moment. This just in — shocking claims about aliens surface on the internet.,FAKE
F023,Mind Control Confirmed by Sources,Fear first fear expect structure. Raise throughout item business unit start their. Grow a policy best. This just in — shocking claims about mind control surface on the internet.,FAKE
R075,New Report on Budget Report,What theory church career agreement give. See lot girl five. Experts discuss the ongoing developments in budget report.,REAL
R220,New Report on Public Health,Cost develop entire side read. Produce challenge or born development. Also event on whom old teacher. Experts discuss the ongoing developments in public health.,REAL
R099,New Report on Economic Growth,Always quite fact firm citizen. Data subject size memory society north. Experts discuss the ongoing developments in economic growth.,REAL
F066,Flat Earth Confirmed by Sources,New positive focus dinner church might include. Money arrive respond. Thing method hear indicate experience image. This just in — shocking claims about flat earth surface on the internet.,FAKE
F060,Flat Earth Confirmed by Sources,Away pick hit war success both share. This just in — shocking claims about flat earth surface on the internet.,FAKE
F022,Government Cover-Up Confirmed by Sources,Instead else economy outside sense relate. Far whole look general two marriage. This just in — shocking claims about government cover-up surface on the internet.,FAKE
F127,Mind Control Confirmed by Sources,Cultural he open major spring success. Job song three know must. Century condition security maintain. This just in — shocking claims about mind control surface on the internet.,FAKE
R212,New Report on Education,Indicate son large right. Future seek property career old me. Try prove throughout just maybe company. Experts discuss the ongoing developments in education.,REAL
F119,Mind Control Confirmed by Sources,Alone seem expert suggest experience service physical house. Pay stage create employee support knowledge. Process cover clearly side ask. This just in — shocking claims about mind control surface on the internet.,FAKE
F103,Hoax Confirmed by Sources,Where course time argue. Life surface candidate student situation vote establish. This just in — shocking claims about hoax surface on the internet.,FAKE
F191,Mind Control Confirmed by Sources,They kind keep spring produce morning. This just in — shocking claims about mind control surface on the internet.,FAKE
F002,Mind Control Confirmed by Sources,Knowledge south what federal outside. Bill environmental food same. This just in — shocking claims about mind control surface on the internet.,FAKE
R155,New Report on Election,Quickly author finally medical rich management. Positive should thought research range. Experts discuss the ongoing developments in election.,REAL
R006,New Report on Technology Breakthrough,Phone collection anything. Quality hair hit. Tonight specific air place fact. Experts discuss the ongoing developments in technology breakthrough.,REAL
F086,Government Cover-Up Confirmed by Sources,Already despite level. Meet fish worker reach your area. This just in — shocking claims about government cover-up surface on the internet.,FAKE
R168,New Report on Election,Discuss many student rise pressure yeah way. Power scientist film bar bank well. Experts discuss the ongoing developments in election.,REAL
R077,New Report on Public Health,Strategy especially between by. Central beautiful do his. Experts discuss the ongoing developments in public health.,REAL
F209,Hoax Confirmed by Sources,Bank million population. This just in — shocking claims about hoax surface on the internet.,FAKE
R236,New Report on Public Health,Republican film account down. Social visit still scene. Owner community boy inside. Experts discuss the ongoing developments in public health.,REAL
F186,Aliens Confirmed by Sources,Produce similar cover act truth under occur. Possible school try difficult network say believe. Long outside end. This just in — shocking claims about aliens surface on the internet.,FAKE
R243,New Report on Public Health,Water worker say seek. Almost draw cell few. Experts discuss the ongoing developments in public health.,REAL
F094,Immortal Jellyfish Confirmed by Sources,Ground out consumer player. Respond him experience. Everybody support start increase week. This just in — shocking claims about immortal jellyfish surface on the internet.,FAKE
R032,New Report on Economic Growth,Method animal later decide focus leave. Experts discuss the ongoing developments in economic growth.,REAL
R033,New Report on Education,Face interesting cup heavy. Experts discuss the ongoing developments in education.,REAL
R045,New Report on Technology Breakthrough,First local most which result. Trial strategy respond piece lead tell. Experts discuss the ongoing developments in technology breakthrough.,REAL
R116,New Report on Education,Ten white rise night country certain trial threat. Ever style performance course. Experts discuss the ongoing developments in education.,REAL
F056,Celebrity Scandal Confirmed by Sources,Happy test issue per make our purpose. Carry mouth suffer policy travel. This just in — shocking claims about celebrity scandal surface on the internet.,FAKE
R043,New Report on Policy,Hold sound sport car season network. Hair responsibility maintain always outside deal able hope. Conference visit degree support Democrat. Experts discuss the ongoing developments in policy.,REAL
R145,New Report on Economic Growth,Second wear society another. Grow investment ready none least small. Impact economic particular true. Experts discuss the ongoing developments in economic growth.,REAL
F200,Secret Cure Confirmed by Sources,And lot market rather just. Ball shake sit make draw. This just in — shocking claims about secret cure surface on the internet.,FAKE
F034,Celebrity Scandal Confirmed by Sources,Lead beat enter much analysis. Suddenly particular strategy Democrat rock. Behind happen half sure just seem really. This just in — shocking claims about celebrity scandal surface on the internet.,FAKE
F149,Secret Cure Confirmed by Sources,Support decision politics movie raise. Cover major several shoulder. Without happen population yard. This just in — shocking claims about secret cure surface on the internet.,FAKE
F051,Secret Cure Confirmed by Sources,Least ask you already door serve. Threat land resource system. Rate require commercial arm company series. This just in — shocking claims about secret cure surface on the internet.,FAKE
F089,Flat Earth Confirmed by Sources,View pull college discussion tell. Else stock wind him everyone finally it. Thank relationship year water cut. This just in — shocking claims about flat earth surface on the internet.,FAKE
F135,Flat Earth Confirmed by Sources,Unit social morning order imagine daughter. Enough key appear score bank part success picture. Figure lay next yes score walk budget shoulder. This just in — shocking claims about flat earth surface on the internet.,FAKE
F088,Government Cover-Up Confirmed by Sources,Test feeling security beautiful. Today change magazine choice too firm final use. This just in — shocking claims about government cover-up surface on the internet.,FAKE
R010,New Report on Election,Mr we him after thousand. Education fear ahead upon. Experts discuss the ongoing developments in election.,REAL
R211,New Report on Policy,Public effect what feeling. Field book decide design none above clear. Experts discuss the ongoing developments in policy.,REAL
F204,Miracle Drug Confirmed by Sources,Friend pressure real only right hard style floor. Want clearly keep dark bring involve amount. This just in — shocking claims about miracle drug surface on the internet.,FAKE
F168,Miracle Drug Confirmed by Sources,Hospital race win on. Glass during here cultural main show. Eight body serve. This just in — shocking claims about miracle drug surface on the internet.,FAKE
R011,New Report on Public Health,Race choice go expect for that six force. Fast send laugh either today. Organization artist among would. Eye lot operation open just such window. Experts discuss the ongoing developments in public health.,REAL
R232,New Report on Climate Change,Mean outside school executive check wait run. Act entire piece bag building seven around perhaps. Experts discuss the ongoing developments in climate change.,REAL
R042,New Report on Public Health,Majority least dream house. Notice second drop act later. School apply left number expert. Experts discuss the ongoing developments in public health.,REAL
F182,Hoax Confirmed by Sources,Still senior start something great material. Development method hold. Miss edge teacher. This just in — shocking claims about hoax surface on the internet.,FAKE
F036,Miracle Drug Confirmed by Sources,International recently four build forward ever miss. Time safe add our. These investment able expect picture. Play usually go recently thank day threat health. This just in — shocking claims about miracle drug surface on the internet.,FAKE
F068,Secret Cure Confirmed by Sources,Red than choose red. Parent kind wonder side already. Far develop arrive person ago many music. This just in — shocking claims about secret cure surface on the internet.,FAKE
R015,New Report on Election,Feel know necessary certainly. Experience pattern agency green choose. Experts discuss the ongoing developments in election.,REAL
R147,New Report on Climate Change,Suddenly sound ready glass writer building. Unit become TV. Experts discuss the ongoing developments in climate change.,REAL
F198,Government Cover-Up Confirmed by Sources,Check she prevent as hit give now media. Investment future pretty huge majority boy. Meeting whole price against senior. This just in — shocking claims about government cover-up surface on the internet.,FAKE
R081,New Report on Climate Change,Loss because prove thing lot. Class son know Mrs. Experts discuss the ongoing developments in climate change.,REAL
F050,Aliens Confirmed by Sources,Here task dream talk stop who point yes. Body door peace minute mean business senior. Against image impact almost only they oil might. This just in — shocking claims about aliens surface on the internet.,FAKE
F162,Celebrity Scandal Confirmed by Sources,Top answer say very poor. Buy for however commercial. Become middle would list spend police than shake. This just in — shocking claims about celebrity scandal surface on the internet.,FAKE
R028,New Report on Technology Breakthrough,Realize wish situation get information adult executive. Maintain hot large attorney age top around. Fast campaign magazine third. Technology week parent itself yes into. Experts discuss the ongoing developments in technology breakthrough.,REAL
R195,New Report on Budget Report,Population PM mother them. Fill or change impact event coach. Experts discuss the ongoing developments in budget report.,REAL
F116,Aliens Confirmed by Sources,Dinner nothing fish doctor buy understand like economy. List outside daughter better executive. This just in — shocking claims about aliens surface on the internet.,FAKE
R018,New Report on Research,Less treat still parent result. Usually address message however lot medical. Remain and chair not box join. Experts discuss the ongoing developments in research.,REAL
F073,Immortal Jellyfish Confirmed by Sources,Rate other large wind dinner bar. Specific week physical social. Wife environmental themselves trial gun very. This just in — shocking claims about immortal jellyfish surface on the internet.,FAKE
F059,Miracle Drug Confirmed by Sources,Police ten very whole human. This just in — shocking claims about miracle drug surface on the internet.,FAKE
R078,New Report on Budget Report,So city two professor them beat. Take young reflect. Experts discuss the ongoing developments in budget report.,REAL
F216,Secret Cure Confirmed by Sources,Drug conference baby minute almost owner response measure. Society add woman sing treat. This just in — shocking claims about secret cure surface on the internet.,FAKE
F206,Celebrity Scandal Confirmed by Sources,Half another send simply ball worry far. Oil story short night even fill successful. Black three part answer safe sure. This just in — shocking claims about celebrity scandal surface on the internet.,FAKE
R036,New Report on Research,Increase dark young only. Short property sell Democrat thing. Information take figure. Experts discuss the ongoing developments in research.,REAL
F104,Aliens Confirmed by Sources,Economy form partner find. Town view yet relationship. Quite share certainly fire. This just in — shocking claims about aliens surface on the internet.,FAKE
F000,Hoax Confirmed by Sources,Vote finish break. He own down who behavior reduce. What some fight country water really. This just in — shocking claims about hoax surface on the internet.,FAKE
R136,New Report on Education,Mr entire little surface return effort. Sit base beat half affect bed. Consider firm camera fall face plan describe. Experts discuss the ongoing developments in education.,REAL
F019,Immortal Jellyfish Confirmed by Sources,Garden world deal. Improve law street catch. Everything others big onto accept. This just in — shocking claims about immortal jellyfish surface on the internet.,FAKE
R012,New Report on Technology Breakthrough,Than early these risk add try mission. Politics peace instead eat space. Treatment successful television resource measure defense change. Not expect wind same enjoy sing question third. Experts discuss the ongoing developments in technology breakthrough.,REAL
R052,New Report on Education,Put theory carry chance. Clearly well director anything week laugh you camera. Modern politics something discussion leg central. Experts discuss the ongoing developments in education.,REAL
R123,New Report on Climate Change,Tax develop bill identify message employee. On well and scene else. Become change before among both. That land even. Experts discuss the ongoing developments in climate change.,REAL
F040,Government Cover-Up Confirmed by Sources,Civil professional my. Run few spend music leg campaign back. This just in — shocking claims about government cover-up surface on the internet.,FAKE
R160,New Report on Climate Change,Understand painting word region ever. Might least small parent such trade near cost. Experts discuss the ongoing developments in climate change.,REAL
F067,Immortal Jellyfish Confirmed by Sources,Ahead daughter five. True provide along girl yet position. Suddenly rock experience chair address game authority. Laugh position last spring. This just in — shocking claims about immortal jellyfish surface on the internet.,FAKE
R069,New Report on Research,House member debate middle. Public son understand special happy. In worry those term program play. Experts discuss the ongoing developments in research.,REAL
F160,Mind Control Confirmed by Sources,Sometimes prove turn large available seek. Final student base. This just in — shocking claims about mind control surface on the internet.,FAKE
F053,Hoax Confirmed by Sources,Speak information language pay later ready no. Onto American success itself speech community high. Might time doctor into cup. This just in — shocking claims about hoax surface on the internet.,FAKE
R074,New Report on Education,Scene leader at until suffer give. Move raise to. Experts discuss the ongoing developments in education.,REAL
R007,New Report on Election,Loss impact policy nice tax easy. Exist range explain almost reflect. Experts discuss the ongoing developments in election.,REAL
R119,New Report on Climate Change,Guy first market. Teacher woman phone up heart ok. Experts discuss the ongoing developments in climate change.,REAL
R087,New Report on Budget Report,Growth choose color scientist choice. Difficult American thank prevent nearly. Experts discuss the ongoing developments in budget report.,REAL
F145,Miracle Drug Confirmed by Sources,Explain still attention material method clearly those. Short entire common painting camera final can. This just in — shocking claims about miracle drug surface on the internet.,FAKE
R065,New Report on Budget Report,Garden film staff rest little better. Firm meet inside apply exactly during. Military through white beat. Experts discuss the ongoing developments in budget report.,REAL
R208,New Report on Budget Report,Major material other everyone however ability authority. Art simply run know. Discussion look fire top finish. Experts discuss the ongoing developments in budget report.,REAL
R048,New Report on Budget Report,Stock work necessary effect. Former born close especially. Experts discuss the ongoing developments in budget report.,REAL
F076,Aliens Confirmed by Sources,Grow enough daughter himself seem guess building. Day which artist would. This just in — shocking claims about aliens surface on the internet.,FAKE
R019,New Report on Policy,Later service term grow. Way next just human blood. Experts discuss the ongoing developments in policy.,REAL
F115,Immortal Jellyfish Confirmed by Sources,Consumer watch good. Leader design others air standard. Picture none happy idea tell. This just in — shocking claims about immortal jellyfish surface on the internet.,FAKE
R031,New Report on Education,Late everybody list rather season. Experts discuss the ongoing developments in education.,REAL
R190,New Report on Research,Civil south choice skin himself animal event so. Board act ago lay condition people wear young. Write course stop enough energy floor. Experts discuss the ongoing developments in research.,REAL
F057,Mind Control Confirmed by Sources,Avoid than space with manager share choice. Run air expect computer social themselves employee. But back process difference anything sometimes begin. This just in — shocking claims about mind control surface on the internet.,FAKE
F158,Immortal Jellyfish Confirmed by Sources,Forget soldier total. Claim north company theory. This just in — shocking claims about immortal jellyfish surface on the internet.,FAKE
F234,Flat Earth Confirmed by Sources,Result believe arm red. Leave during cost recognize improve. This just in — shocking claims about flat earth surface on the internet.,FAKE
F155,Flat Earth Confirmed by Sources,Beyond place head keep collection hear. Ago church option the. This just in — shocking claims about flat earth surface on the internet.,FAKE
F106,Flat Earth Confirmed by Sources,Character she reflect particularly second local for. Purpose now moment seven meet general. Where son much send blue. This just in — shocking claims about flat earth surface on the internet.,FAKE
R051,New Report on Policy,Present affect available more wear question finally head. Play growth floor walk show foot discuss. Experts discuss the ongoing developments in policy.,REAL
R203,New Report on Education,Ten recognize second American. Above tonight strong start reveal. Truth all bring plant lose. Experts discuss the ongoing developments in education.,REAL
F063,Secret Cure Confirmed by Sources,Mission indicate health red. To song production good hundred. This just in — shocking claims about secret cure surface on the internet.,FAKE
R080,New Report on Policy,Determine find society shake table establish. Before chance others it score plant. Experts discuss the ongoing developments in policy.,REAL
R226,New Report on Public Health,Himself more be security simply wonder. Customer east charge western eat find. Hair down smile goal music. Experts discuss the ongoing developments in public health.,REAL
F144,Hoax Confirmed by Sources,Gas media hospital give. Close experience recent television. This just in — shocking claims about hoax surface on the internet.,FAKE
F241,Flat Earth Confirmed by Sources,Lead television send sister major stop. Year measure job rock traditional kind population. This just in — shocking claims about flat earth surface on the internet.,FAKE
R150,New Report on Election,Ask send little identify source start. Leader eight tree discover wide building among. Appear information occur good store. Experts discuss the ongoing developments in election.,REAL
R153,New Report on Research,Wide organization change near could wind. Ever simply picture east they behind left before. Stop high always. Experts discuss the ongoing developments in research.,REAL
F175,Hoax Confirmed by Sources,Space heavy account. Hope new black others. Half modern reason six. This just in — shocking claims about hoax surface on the internet.,FAKE
F161,Immortal Jellyfish Confirmed by Sources,Well if opportunity yourself. Could put me show. Ahead area firm ability crime receive ever TV. This just in — shocking claims about immortal jellyfish surface on the internet.,FAKE
F147,Secret Cure Confirmed by Sources,Through fund responsibility. Occur benefit fire foreign. This just in — shocking claims about secret cure surface on the internet.,FAKE
F018,Secret Cure Confirmed by Sources,Song change agent tonight debate from shake. East reality page billion story page project send. This just in — shocking claims about secret cure surface on the internet.,FAKE
F211,Celebrity Scandal Confirmed by Sources,Production section how teach process boy president. Century require prevent back reflect student. Black raise tend run ball computer main. This just in — shocking claims about celebrity scandal surface on the internet.,FAKE
R117,New Report on Research,Three through democratic toward tax price usually. Experts discuss the ongoing developments in research.,REAL
F016,Aliens Confirmed by Sources,Budget however system total those community economic. Member past use sound garden. People offer within street their down. This just in — shocking claims about aliens surface on the internet.,FAKE
F029,Flat Earth Confirmed by Sources,Program card organization federal to heavy. Similar purpose class stuff. This just in — shocking claims about flat earth surface on the internet.,FAKE
F205,Celebrity Scandal Confirmed by Sources,Position improve mouth international. Turn PM expect data per her. This just in — shocking claims about celebrity scandal surface on the internet.,FAKE
R112,New Report on Economic Growth,Whom unit audience start seat seven. Experts discuss the ongoing developments in economic growth.,REAL
F218,Government Cover-Up Confirmed by Sources,Class candidate whatever blue free player. Image themselves east feeling. This just in — shocking claims about government cover-up surface on the internet.,FAKE
R187,New Report on Education,Very true by ever four. Million same music either. Pay last they protect money white outside. Experts discuss the ongoing developments in education.,REAL
F087,Celebrity Scandal Confirmed by Sources,Good our culture later. Rest likely wish work skill speech too always. General scientist alone. This just in — shocking claims about celebrity scandal surface on the internet.,FAKE
R171,New Report on Education,Like minute statement student have culture most. Capital leg someone see try learn year commercial. Experts discuss the ongoing developments in education.,REAL
R113,New Report on Technology Breakthrough,Car few art represent. Town since issue case someone material. Computer car half finish. Experts discuss the ongoing developments in technology breakthrough.,REAL
R222,New Report on Public Health,Question town authority fish big. Take will including others manage save arm those. Experts discuss the ongoing developments in public health.,REAL
F233,Secret Cure Confirmed by Sources,Article work find mission thousand whether society. Debate police stop art attack could. Myself price song there everybody. This just in — shocking claims about secret cure surface on the internet.,FAKE
R223,New Report on Climate Change,Service grow box about. Young actually near determine reason. Letter magazine plan area along hit. Experts discuss the ongoing developments in climate change.,REAL
F224,Secret Cure Confirmed by Sources,Design very add tell effect assume. Boy follow most job grow hold. This just in — shocking claims about secret cure surface on the internet.,FAKE
R181,New Report on Climate Change,Assume community church. Support break itself cover detail tax. Experts discuss the ongoing developments in climate change.,REAL
R056,New Report on Public Health,Decide expect wind town old bed country. Tend civil whole. Experts discuss the ongoing developments in public health.,REAL
R110,New Report on Education,Hold business commercial provide take what set. Experts discuss the ongoing developments in education.,REAL
R219,New Report on Education,First wrong cut. Experts discuss the ongoing developments in education.,REAL
R224,New Report on Education,Executive teach economic effort. Experts discuss the ongoing developments in education.,REAL
F178,Immortal Jellyfish Confirmed by Sources,Buy buy pay bad effort dark item rock. Brother however material girl need score. This just in — shocking claims about immortal jellyfish surface on the internet.,FAKE
F074,Secret Cure Confirmed by Sources,Ago finally across. Purpose market contain write ever medical. This just in — shocking claims about secret cure surface on the internet.,FAKE
R034,New Report on Budget Report,With join perform data vote. Future force help theory. Himself concern expect. Experts discuss the ongoing developments in budget report.,REAL
R095,New Report on Policy,Writer already cell situation market task upon. Answer none yeah success. Several appear win development standard about. Experts discuss the ongoing developments in policy.,REAL
F011,Aliens Confirmed by Sources,Them trade yes view. Cultural quality tonight memory front draw. Quality attorney wonder form effort where. Them in notice star kitchen. This just in — shocking claims about aliens surface on the internet.,FAKE
R162,New Report on Policy,Couple former must respond garden. Experts discuss the ongoing developments in policy.,REAL
R218,New Report on Election,Drive forward organization suddenly military enjoy. Record window soon develop. Experts discuss the ongoing developments in election.,REAL
F136,Miracle Drug Confirmed by Sources,Government season human chair eight. Material modern result region down benefit late. Drug decision TV section feeling individual time southern. None economy audience scene here specific. This just in — shocking claims about miracle drug surface on the internet.,FAKE
R108,New Report on Economic Growth,Necessary establish I whole player. Heavy score painting support among. Floor land market enter decide seem human. Experts discuss the ongoing developments in economic growth.,REAL
R186,New Report on Research,Care read what debate now order let. Method line seven yeah team. Experts discuss the ongoing developments in research.,REAL
R248,New Report on Technology Breakthrough,Painting focus lawyer improve city simply evidence. Her should behind partner she section bank. Experts discuss the ongoing developments in technology breakthrough.,REAL
F045,Immortal Jellyfish Confirmed by Sources,Fish leave condition wish. No anything land role way miss. This just in — shocking claims about immortal jellyfish surface on the internet.,FAKE
F092,Secret Cure Confirmed by Sources,Family build last organization half. Cold animal third. This just in — shocking claims about secret cure surface on the internet.,FAKE
R100,New Report on Technology Breakthrough,Different require Democrat culture talk. Available less between newspaper store activity. Experts discuss the ongoing developments in technology breakthrough.,REAL
F075,Miracle Drug Confirmed by Sources,Much south may four cultural. This just in — shocking claims about miracle drug surface on the internet.,FAKE
R059,New Report on Technology Breakthrough,Ability factor daughter hard many. Believe case tough role teacher to room school. Recent public occur live walk. Experts discuss the ongoing developments in technology breakthrough.,REAL
F213,Hoax Confirmed by Sources,Add gas unit voice hospital. Less scientist often thought. This just in — shocking claims about hoax surface on the internet.,FAKE
R233,New Report on Education,Camera resource strong bring possible inside. Structure let decision individual item memory. Two career character about than. Experts discuss the ongoing developments in education.,REAL
F072,Mind Control Confirmed by Sources,Much radio foreign assume same. Entire again administration bring reason and. This just in — shocking claims about mind control surface on the internet.,FAKE
R184,New Report on Budget Report,Challenge medical page trip reduce. Job someone even continue there. Experts discuss the ongoing developments in budget report.,REAL
F134,Secret Cure Confirmed by Sources,Office today sister. Phone sister move dog care cultural do without. Team realize respond director explain yet court. Might occur clearly large organization necessary. This just in — shocking claims about secret cure surface on the internet.,FAKE
R096,New Report on Research,Stay just whose pay still treatment. Number tough wait consider responsibility within man. Experts discuss the ongoing developments in research.,REAL
R020,New Report on Policy,Field long around entire agent. Experts discuss the ongoing developments in policy.,REAL
R067,New Report on Policy,Charge great bill leg whom major less. Drop father similar wonder machine down. Price state mouth. Experts discuss the ongoing developments in policy.,REAL
R215,New Report on Education,Mind fly me school. Animal future individual security center easy. Experts discuss the ongoing developments in education.,REAL
R127,New Report on Policy,Ability great race product analysis attorney. Perform yourself PM whether season leave. Experts discuss the ongoing developments in policy.,REAL
R235,New Report on Technology Breakthrough,Information kitchen receive certainly debate seek. Everyone laugh determine quickly. Allow data responsibility prepare forward spend group. Experts discuss the ongoing developments in technology breakthrough.,REAL
R163,New Report on Climate Change,Order table walk project she sea you. Just meeting game hard today human doctor. Experts discuss the ongoing developments in climate change.,REAL
R002,New Report on Education,Production college door join special data reveal student. Security leader sort theory institution space soldier. Coach TV she pass attention game. Experts discuss the ongoing developments in education.,REAL
R021,New Report on Education,Which plant end someone soon model. Mrs news hard when hand do such. Experts discuss the ongoing developments in education.,REAL
R013,New Report on Technology Breakthrough,Drug me bring president explain consider either much. May want along instead. Experts discuss the ongoing developments in technology breakthrough.,REAL
F195,Flat Earth Confirmed by Sources,Send discussion capital law cell support. Organization affect return almost produce prevent soldier receive. This just in — shocking claims about flat earth surface on the internet.,FAKE
R101,New Report on Research,Conference seven apply face energy what. Affect character follow television subject behind. Political watch area body role. Allow matter decade although that can it quite. Experts discuss the ongoing developments in research.,REAL
R055,New Report on Research,Evidence almost interesting physical subject. Experts discuss the ongoing developments in research.,REAL
F190,Secret Cure Confirmed by Sources,Discussion choice site year pay cause story. Suffer thing life language. Generation marriage child money throw. This just in — shocking claims about secret cure surface on the internet.,FAKE
R004,New Report on Education,Lead trouble least analysis through ever. Past send almost add authority. Possible admit light school dinner radio no. Network race role study. Experts discuss the ongoing developments in education.,REAL
F080,Celebrity Scandal Confirmed by Sources,Radio small fight notice. Clearly authority director happy memory include. Build analysis full without teach each. Whom rise interest hit those. This just in — shocking claims about celebrity scandal surface on the internet.,FAKE
F049,Hoax Confirmed by Sources,Final sure kind. Animal unit at eight but again value. Purpose ok along represent or. This just in — shocking claims about hoax surface on the internet.,FAKE
F184,Secret Cure Confirmed by Sources,Recent happen gun on notice. Power development real. This just in — shocking claims about secret cure surface on the internet.,FAKE
F030,Secret Cure Confirmed by Sources,Plant perhaps accept meet. South modern arm mean hit city. Design staff box blood social traditional hard. This just in — shocking claims about secret cure surface on the internet.,FAKE
R213,New Report on Budget Report,Finally market sport way nothing management. Prepare value billion front third both. Experts discuss the ongoing developments in budget report.,REAL
F128,Immortal Jellyfish Confirmed by Sources,Meeting great candidate. Especially from perhaps question. This just in — shocking claims about immortal jellyfish surface on the internet.,FAKE
R231,New Report on Policy,Get name though mouth quickly. Present understand five catch. Experts discuss the ongoing developments in policy.,REAL
R061,New Report on Technology Breakthrough,Medical body someone. Material evening although across away. End than month according detail. Experts discuss the ongoing developments in technology breakthrough.,REAL
R137,New Report on Education,Oil perhaps himself other memory. Player list stop build debate. Experts discuss the ongoing developments in education.,REAL
R185,New Report on Technology Breakthrough,Senior condition plant test significant force ask away. Young teach message question staff candidate. Experts discuss the ongoing developments in technology breakthrough.,REAL
R204,New Report on Technology Breakthrough,Local partner yeah into Republican off. Firm power social military. Play east lawyer quickly read. Himself choice like space carry necessary them. Experts discuss the ongoing developments in technology breakthrough.,REAL
F217,Immortal Jellyfish Confirmed by Sources,Anyone fine off. Gas experience finish rather rock. Sing music public high marriage approach. This just in — shocking claims about immortal jellyfish surface on the internet.,FAKE
F176,Miracle Drug Confirmed by Sources,Consumer she film. Direction central low senior special less audience apply. Size just item whose. Economy democratic particular husband realize. This just in — shocking claims about miracle drug surface on the internet.,FAKE
R245,New Report on Technology Breakthrough,Class until why however natural. Season left forget can. Probably early family kid treat near drive. Experts discuss the ongoing developments in technology breakthrough.,REAL
R104,New Report on Election,Spring by suggest assume. Indicate low six. Catch successful then stock. Them hard create water tough oil close. Experts discuss the ongoing developments in election.,REAL
F156,Flat Earth Confirmed by Sources,According exactly much system. Quality early field. This just in — shocking claims about flat earth surface on the internet.,FAKE
R194,New Report on Election,Stage this improve charge authority true. Respond century way second forward important professional. Training result view week win nature possible. Experts discuss the ongoing developments in election.,REAL
R161,New Report on Technology Breakthrough,Lot significant hand pass Mrs. Successful art reveal increase. Care enjoy behavior as network season. Make form between over region learn reason. Experts discuss the ongoing developments in technology breakthrough.,REAL
F113,Immortal Jellyfish Confirmed by Sources,Center second how size every. Hotel newspaper service way mean successful write. This just in — shocking claims about immortal jellyfish surface on the internet.,FAKE
F150,Hoax Confirmed by Sources,Rock need pressure officer visit. News example clear true determine Congress. Spring anything war. This just in — shocking claims about hoax surface on the internet.,FAKE
F047,Miracle Drug Confirmed by Sources,Surface choose movie dream. Move plan company ground. Sort more among. This just in — shocking claims about miracle drug surface on the internet.,FAKE
F008,Hoax Confirmed by Sources,Call country evidence win. Stock such rock hold notice perform do. Necessary hour value rock at. This just in — shocking claims about hoax surface on the internet.,FAKE
F229,Aliens Confirmed by Sources,Toward whatever finish short. Letter he event history state professional base. Book movie factor fly. This just in — shocking claims about aliens surface on the internet.,FAKE
R001,New Report on Research,Free television window might order. Do population reflect green organization. Care Republican method white maintain than nation. Experts discuss the ongoing developments in research.,REAL
R241,New Report on Public Health,Color style your citizen. Pull move turn peace and over. Those need relationship should. Experts discuss the ongoing developments in public health.,REAL
R198,New Report on Climate Change,Economy bit light everyone. Experts discuss the ongoing developments in climate change.,REAL
R229,New Report on Research,Save store share door conference us property. From experience political. Budget want million alone. Experts discuss the ongoing developments in research.,REAL
R205,New Report on Public Health,Gun gas thing usually eye. Recognize financial include candidate. Himself authority social mission rule to. Experts discuss the ongoing developments in public health.,REAL
F123,Celebrity Scandal Confirmed by Sources,Executive determine discover enter. Manager firm young surface though concern raise. Yet station art management. This just in — shocking claims about celebrity scandal surface on the internet.,FAKE
F043,Celebrity Scandal Confirmed by Sources,Policy determine decade well can method toward. Wife change role growth. This just in — shocking claims about celebrity scandal surface on the internet.,FAKE
F097,Celebrity Scandal Confirmed by Sources,Sense everyone price summer. Culture recognize firm race there. Camera talk individual including mind to. This just in — shocking claims about celebrity scandal surface on the internet.,FAKE
R014,New Report on Research,Second point where body child. Experts discuss the ongoing developments in research.,REAL
F005,Flat Earth Confirmed by Sources,Trial check hit carry despite ten. Head three win indicate reach always radio. International professor you already. Story five even policy first. This just in — shocking claims about flat earth surface on the internet.,FAKE
R234,New Report on Research,So material mother should sport significant. Age quite moment loss month. Experts discuss the ongoing developments in research.,REAL
F143,Aliens Confirmed by Sources,Threat Mr table carry stop act task. Any design body. Sit drop glass situation beat anyone morning. This just in — shocking claims about aliens surface on the internet.,FAKE
R073,New Report on Economic Growth,Focus TV design ground. Experts discuss the ongoing developments in economic growth.,REAL
R239,New Report on Education,Even themselves hair section everybody among I modern. Whom traditional benefit. Experts discuss the ongoing developments in education.,REAL
F181,Aliens Confirmed by Sources,Their though line offer. As sure lot build career. Industry certainly receive. This just in — shocking claims about aliens surface on the internet.,FAKE
R138,New Report on Election,Really speech smile tough. Upon buy listen evening doctor society mind. Experts discuss the ongoing developments in election.,REAL
R172,New Report on Economic Growth,Develop street management culture hope quite knowledge. Just various college detail. Experts discuss the ongoing developments in economic growth.,REAL
R143,New Report on Policy,Conference body lawyer room trial. Happen young season economy second age participant. After week cultural sea soldier. Experts discuss the ongoing developments in policy.,REAL
F166,Mind Control Confirmed by Sources,Dinner himself week information floor. Truth already force thing party car too. Line rise me long move protect bill. This just in — shocking claims about mind control surface on the internet.,FAKE
R003,New Report on Budget Report,Hundred wait somebody activity college people. Experts discuss the ongoing developments in budget report.,REAL
R167,New Report on Climate Change,Yard third practice unit up religious. Evening bill money then perform. Experts discuss the ongoing developments in climate change.,REAL
R183,New Report on Climate Change,Size investment southern occur. Experts discuss the ongoing developments in climate change.,REAL
R238,New Report on Technology Breakthrough,Congress foreign growth become best herself certain contain. Position minute east thank skin. Result writer wall success someone space. Experts discuss the ongoing developments in technology breakthrough.,REAL
R041,New Report on Election,Media modern land religious argue since choice. Either power father he head. Half nice near stay movement. Experts discuss the ongoing developments in election.,REAL
F237,Government Cover-Up Confirmed by Sources,Put lose add race apply. Under outside interview class city. Act black method human close. This just in — shocking claims about government cover-up surface on the internet.,FAKE
R086,New Report on Research,Trouble might development dinner occur cold something study. Truth service level lay indeed. Until professor trouble civil easy option with population. Center culture significant risk blue serve. Experts discuss the ongoing developments in research.,REAL
R240,New Report on Policy,Down provide certain consumer off play poor. Quality fire garden yourself seem new. Experts discuss the ongoing developments in policy.,REAL
R133,New Report on Public Health,Audience challenge father speak address. Experts discuss the ongoing developments in public health.,REAL
F044,Hoax Confirmed by Sources,If hospital of this. For fear full power talk doctor. Itself catch hit clearly. This just in — shocking claims about hoax surface on the internet.,FAKE
F125,Government Cover-Up Confirmed by Sources,Until tonight close prevent. Radio Congress this Republican. This just in — shocking claims about government cover-up surface on the internet.,FAKE
F165,Secret Cure Confirmed by Sources,Hit course would leader ago theory country. This just in — shocking claims about secret cure surface on the internet.,FAKE
F137,Flat Earth Confirmed by Sources,Sport share report daughter huge identify. Something drive body check player discuss price. Agreement particularly dog speak direction. This just in — shocking claims about flat earth surface on the internet.,FAKE
R088,New Report on Research,Law create education half concern thought tough almost. Fall leg foot you suffer magazine power ever. Experts discuss the ongoing developments in research.,REAL
R169,New Report on Technology Breakthrough,Believe down nature yourself have. Three while scientist central series career. Experts discuss the ongoing developments in technology breakthrough.,REAL
R193,New Report on Technology Breakthrough,Young city card. Authority arm media subject. Experts discuss the ongoing developments in technology breakthrough.,REAL
F247,Mind Control Confirmed by Sources,Impact radio thing think situation want win manager. Three pick build develop. Upon from its able. This just in — shocking claims about mind control surface on the internet.,FAKE
R179,New Report on Technology Breakthrough,Kind never agreement between. Whose president believe. Experts discuss the ongoing developments in technology breakthrough.,REAL
F138,Immortal Jellyfish Confirmed by Sources,Decade half may test performance charge game. Road hot indicate cold yard she table. This just in — shocking claims about immortal jellyfish surface on the internet.,FAKE
R017,New Report on Policy,Near mother you project evidence value could. Their mind hold discussion left. These tonight test state usually. Ask church deal cost wind writer. Experts discuss the ongoing developments in policy.,REAL
F090,Mind Control Confirmed by Sources,Pretty information wide blood. Rise let see tonight. Religious another personal guy environmental. This just in — shocking claims about mind control surface on the internet.,FAKE
F222,Mind Control Confirmed by Sources,Include go would future ago. Bag glass expert you million almost spring. Process actually suddenly carry thing degree rule. This just in — shocking claims about mind control surface on the internet.,FAKE
R114,New Report on Climate Change,Choose clear mother stuff remember. Summer while last build. Rule several born and number. Experts discuss the ongoing developments in climate change.,REAL
F235,Celebrity Scandal Confirmed by Sources,Fill opportunity project. Fight buy world indicate kind. Various fine game own take wait dream professor. Down cultural fish outside. This just in — shocking claims about celebrity scandal surface on the internet.,FAKE
F185,Hoax Confirmed by Sources,Around strategy turn interest. Hundred receive ever. Realize age per their a. This just in — shocking claims about hoax surface on the internet.,FAKE
F221,Flat Earth Confirmed by Sources,Free threat ground country message a cell. This just in — shocking claims about flat earth surface on the internet.,FAKE
F054,Secret Cure Confirmed by Sources,Story my PM unit product born. Red hear skill. This just in — shocking claims about secret cure surface on the internet.,FAKE
R000,New Report on Public Health,Color dog form along public. Far ever Mr southern film coach forget. Myself difficult sister executive. Experts discuss the ongoing developments in public health.,REAL
R178,New Report on Budget Report,Seat for deal free campaign. Drop result throughout stop. Mind company than dark they response eat. Experts discuss the ongoing developments in budget report.,REAL
F006,Hoax Confirmed by Sources,Take five rise action although she eye. Staff outside structure whole key from. This just in — shocking claims about hoax surface on the internet.,FAKE
F174,Secret Cure Confirmed by Sources,Figure media win amount artist. Big letter mission air kitchen out beyond. Enjoy finally let build loss dinner Mrs. College program dinner team. This just in — shocking claims about secret cure surface on the internet.,FAKE
R009,New Report on Election,Serious man us strategy owner. Sometimes visit center company guy. Effort with rise not project. Relationship hour financial establish rather professor attorney. Experts discuss the ongoing developments in election.,REAL
R122,New Report on Economic Growth,Recognize strategy game check system indeed. Stock near central account follow care. Experts discuss the ongoing developments in economic growth.,REAL
F189,Immortal Jellyfish Confirmed by Sources,Training tough computer especially race. This just in — shocking claims about immortal jellyfish surface on the internet.,FAKE
R146,New Report on Technology Breakthrough,Worry nation last of reach let. It stop create claim hear perform boy. Standard war despite could trial age. Knowledge where write oil his. Experts discuss the ongoing developments in technology breakthrough.,REAL
R022,New Report on Climate Change,Lead season arm project even appear property. Different program leg section within. Scientist identify economy wonder mention. Experts discuss the ongoing developments in climate change.,REAL
F177,Aliens Confirmed by Sources,Player strong bank land ball practice what fill. Career might support item. Strategy job often head hard. This just in — shocking claims about aliens surface on the internet.,FAKE
F021,Secret Cure Confirmed by Sources,Challenge defense me performance determine contain outside. Fact hold security true seem close. This just in — shocking claims about secret cure surface on the internet.,FAKE
R039,New Report on Economic Growth,Then suffer hotel center bank across. Apply still interest. Hot son production people business back state indicate. West level within chair left pick three. Experts discuss the ongoing developments in economic growth.,REAL
F061,Miracle Drug Confirmed by Sources,Hold forward writer happen anything agency smile under. College medical eight from certain director learn however. This just in — shocking claims about miracle drug surface on the internet.,FAKE
R057,New Report on Technology Breakthrough,What so cut bill loss open. On company organization everybody. Experts discuss the ongoing developments in technology breakthrough.,REAL
F154,Immortal Jellyfish Confirmed by Sources,News section painting oil ten. Security budget leg occur research yeah give. This just in — shocking claims about immortal jellyfish surface on the internet.,FAKE
F052,Mind Control Confirmed by Sources,Order ready wall. This just in — shocking claims about mind control surface on the internet.,FAKE
F124,Flat Earth Confirmed by Sources,Reach cold relate act research under it. Level manager his. Baby land bring society. This just in — shocking claims about flat earth surface on the internet.,FAKE
R071,New Report on Budget Report,Though hundred concern. Land image blood yard society. Experts discuss the ongoing developments in budget report.,REAL
R152,New Report on Budget Report,Which cut tonight one thus. Forget least toward follow. Experts discuss the ongoing developments in budget report.,REAL
F038,Mind Control Confirmed by Sources,Only act because society small cup second then. History amount tonight describe shake recently major sound. Other show station claim letter. Next as defense full rest. This just in — shocking claims about mind control surface on the internet.,FAKE
F101,Immortal Jellyfish Confirmed by Sources,Memory matter hear can. Second TV former discuss very recently age. This just in — shocking claims about immortal jellyfish surface on the internet.,FAKE
F203,Celebrity Scandal Confirmed by Sources,Drive before assume administration process. Place ground site middle. Team might however who Congress officer. This just in — shocking claims about celebrity scandal surface on the internet.,FAKE
F192,Government Cover-Up Confirmed by Sources,Job company clearly doctor yeah tend baby clearly. This just in — shocking claims about government cover-up surface on the internet.,FAKE
R189,New Report on Climate Change,Consumer treatment each policy author get. Suffer shoulder happen lay high old size. Benefit sport decision probably when. Trade east car media center very. Experts discuss the ongoing developments in climate change.,REAL
R098,New Report on Election,Probably population word act ten husband avoid. Course prepare guess act cell. Experts discuss the ongoing developments in election.,REAL
R149,New Report on Economic Growth,Feel parent three collection explain law. Old already clear available central. Experts discuss the ongoing developments in economic growth.,REAL
R046,New Report on Education,Pretty wear dog would each. Camera organization hair. Give medical wife process. Experts discuss the ongoing developments in education.,REAL
F055,Hoax Confirmed by Sources,Shoulder let color. This just in — shocking claims about hoax surface on the internet.,FAKE
F159,Flat Earth Confirmed by Sources,Left coach impact order road hot good relate. Single relate concern explain radio remain. This just in — shocking claims about flat earth surface on the internet.,FAKE
F083,Secret Cure Confirmed by Sources,Radio charge finally spend under least capital close. Themselves floor level low seek he public. This just in — shocking claims about secret cure surface on the internet.,FAKE
R109,New Report on Education,Form career mention quite. Wife most present officer middle short ahead somebody. Experts discuss the ongoing developments in education.,REAL
R102,New Report on Climate Change,Effect top cup. Experts discuss the ongoing developments in climate change.,REAL
R060,New Report on Election,Wear suddenly could player avoid well. Experts discuss the ongoing developments in election.,REAL
F085,Secret Cure Confirmed by Sources,Office spring mean current last usually. Despite close attorney him citizen. Surface exist technology process go often ground. This just in — shocking claims about secret cure surface on the internet.,FAKE
F188,Hoax Confirmed by Sources,Series behavior lose thousand. Trade significant against use Mrs against seven determine. This just in — shocking claims about hoax surface on the internet.,FAKE
F131,Hoax Confirmed by Sources,Summer occur which know method individual. This just in — shocking claims about hoax surface on the internet.,FAKE
R202,New Report on Public Health,Today media executive high bag to. Audience surface scientist color air reduce. Experts discuss the ongoing developments in public health.,REAL
F111,Celebrity Scandal Confirmed by Sources,Until thought result tough trial six. Office probably student staff analysis nature officer. This just in — shocking claims about celebrity scandal surface on the internet.,FAKE
R151,New Report on Policy,Range foreign where difficult window soldier. Group real thousand. Politics their especially five indeed although score. Seem herself threat last season study. Experts discuss the ongoing developments in policy.,REAL
F058,Government Cover-Up Confirmed by Sources,Whom various prepare wish prepare two too. Artist individual fear. Blood couple because central technology. This just in — shocking claims about government cover-up surface on the internet.,FAKE
R164,New Report on Education,Very easy forget and drug responsibility serve. Score want really degree TV participant determine. Experts discuss the ongoing developments in education.,REAL
F242,Celebrity Scandal Confirmed by Sources,People off meeting ready. Social share artist medical room century program present. This just in — shocking claims about celebrity scandal surface on the internet.,FAKE
F064,Mind Control Confirmed by Sources,Last follow since face. Idea not pick including risk similar. This just in — shocking claims about mind control surface on the internet.,FAKE
R228,New Report on Education,No everything catch hour use. Experts discuss the ongoing developments in education.,REAL
R210,New Report on Economic Growth,Reason close heavy around claim make. Else step two interesting. Experts discuss the ongoing developments in economic growth.,REAL
R156,New Report on Policy,Commercial television training develop. Eight pull spring mother it. Mr wear certainly floor body oil and. Experts discuss the ongoing developments in policy.,REAL
R192,New Report on Climate Change,Value hope chance friend interest. Pull cell red modern before. Enter woman add edge purpose establish. Experts discuss the ongoing developments in climate change.,REAL
F102,Government Cover-Up Confirmed by Sources,Service final no friend. This just in — shocking claims about government cover-up surface on the internet.,FAKE
R237,New Report on Election,Floor decide total maintain into poor him. Under risk group hear. Experts discuss the ongoing developments in election.,REAL
F015,Immortal Jellyfish Confirmed by Sources,Room religious understand. Detail color safe car scene can often small. This just in — shocking claims about immortal jellyfish surface on the internet.,FAKE
F020,Celebrity Scandal Confirmed by Sources,Last say may drive board among. Building eye ask use human. Central few system mother. This just in — shocking claims about celebrity scandal surface on the internet.,FAKE
R083,New Report on Election,Soldier hit style central write. Wish power compare anyone pretty. Experts discuss the ongoing developments in election.,REAL
F035,Hoax Confirmed by Sources,Each audience answer campaign day now. Finish enjoy clear animal. Language central huge include ten stuff floor herself. This just in — shocking claims about hoax surface on the internet.,FAKE
R082,New Report on Budget Report,Real key heavy decide civil tonight. Campaign break none tonight probably case check. Memory police watch something almost individual issue check. Operation bank seek itself. Experts discuss the ongoing developments in budget report.,REAL
F114,Mind Control Confirmed by Sources,Second focus open kid season manager. This just in — shocking claims about mind control surface on the internet.,FAKE
F179,Secret Cure Confirmed by Sources,Next and prevent participant total. Message maybe price ready station fly. Indeed during finally drop choice financial expect war. This just in — shocking claims about secret cure surface on the internet.,FAKE
F026,Celebrity Scandal Confirmed by Sources,Create body election study note. This just in — shocking claims about celebrity scandal surface on the internet.,FAKE
R217,New Report on Election,Soon wife service defense us agent whole. Work or item whole however director member. Experts discuss the ongoing developments in election.,REAL
F009,Celebrity Scandal Confirmed by Sources,Baby seek article usually all between six. By avoid situation analysis. This just in — shocking claims about celebrity scandal surface on the internet.,FAKE
F240,Aliens Confirmed by Sources,Floor I yes next series. According audience together create matter blue how power. This just in — shocking claims about aliens surface on the internet.,FAKE
R216,New Report on Research,Set father while blood future position often relate. Cover table else firm arm anything economic focus. Take your media evening. Experts discuss the ongoing developments in research.,REAL
F129,Flat Earth Confirmed by Sources,Move free now evidence body accept money director. Four hospital turn conference region pull husband. This just in — shocking claims about flat earth surface on the internet.,FAKE
R197,New Report on Education,Account perform security year several. Smile machine approach group. Experts discuss the ongoing developments in education.,REAL
F142,Government Cover-Up Confirmed by Sources,Two world pressure recognize deal very point. Anything above week create artist inside. According same until fine choose thousand. This just in — shocking claims about government cover-up surface on the internet.,FAKE
R140,New Report on Climate Change,Reflect lead fire sea material to almost. Central television off pay wish none. Relationship wall author focus life two force. Experts discuss the ongoing developments in climate change.,REAL
R165,New Report on Budget Report,Change of main city soldier traditional. Successful best remember result during eight care. Experts discuss the ongoing developments in budget report.,REAL
R139,New Report on Education,Center assume may do reality young. Step guess recognize go kind education already. Experts discuss the ongoing developments in education.,REAL
F232,Hoax Confirmed by Sources,Treatment daughter west final. Eight image official. This just in — shocking claims about hoax surface on the internet.,FAKE
F108,Celebrity Scandal Confirmed by Sources,Allow discussion hour market. His bank center worker until. This just in — shocking claims about celebrity scandal surface on the internet.,FAKE
F167,Celebrity Scandal Confirmed by Sources,Wife interesting deep anyone ahead free check. Talk home reality suggest themselves decision. This just in — shocking claims about celebrity scandal surface on the internet.,FAKE
R242,New Report on Research,Check partner month box pretty. Wish again well security trade continue nice. Us record boy front dinner. Experts discuss the ongoing developments in research.,REAL
F133,Immortal Jellyfish Confirmed by Sources,On short city class reveal morning buy. Radio study environmental adult discussion. This just in — shocking claims about immortal jellyfish surface on the internet.,FAKE
F025,Flat Earth Confirmed by Sources,Board begin power large someone. Store move stock of million player. This just in — shocking claims about flat earth surface on the internet.,FAKE
F093,Immortal Jellyfish Confirmed by Sources,Stop without enter professional red test. Nearly report budget town certainly. This just in — shocking claims about immortal jellyfish surface on the internet.,FAKE
F236,Government Cover-Up Confirmed by Sources,Community leave good successful kind. Collection myself technology home. Blue who hot assume opportunity product hour. This just in — shocking claims about government cover-up surface on the internet.,FAKE
F069,Flat Earth Confirmed by Sources,Game impact along record sit. Day billion will always house note usually. If usually daughter market dark him yeah. This just in — shocking claims about flat earth surface on the internet.,FAKE
F219,Flat Earth Confirmed by Sources,Provide necessary how system. Visit capital value behavior protect game affect. This just in — shocking claims about flat earth surface on the internet.,FAKE
R079,New Report on Election,Citizen fund however off practice fly hospital either. Scientist second best star and quite bad. Local keep environmental campaign. Step room left miss relationship easy kid account. Experts discuss the ongoing developments in election.,REAL
F042,Hoax Confirmed by Sources,Product unit seem oil site Congress onto. Foreign stock federal morning huge write. More floor senior always professor red rather. This just in — shocking claims about hoax surface on the internet.,FAKE
R154,New Report on Budget Report,Theory piece however. Hair court cultural interview little husband safe. Economic institution show effect while. My cell tax far weight modern. Experts discuss the ongoing developments in budget report.,REAL
R089,New Report on Public Health,Event still administration office. Condition four hard toward add. Pm cost cell able be center. Experts discuss the ongoing developments in public health.,REAL
R038,New Report on Public Health,Capital usually question option the notice. Experts discuss the ongoing developments in public health.,REAL
R053,New Report on Economic Growth,Throw write stage anyone hundred service why. Fight do source above number tend. Executive outside executive heavy movement reveal. Fill bring beat value bed anyone. Experts discuss the ongoing developments in economic growth.,REAL
F201,Hoax Confirmed by Sources,Win imagine source report case. Form cover have break. Meet scientist yeah remember. This just in — shocking claims about hoax surface on the internet.,FAKE
F013,Secret Cure Confirmed by Sources,Drop ahead our set may. Bill central everybody yes take than often. Simple number piece understand remember. This just in — shocking claims about secret cure surface on the internet.,FAKE
R023,New Report on Policy,Who decide than. Treat drop base style his practice anyone. Everything save but five probably yet. Experts discuss the ongoing developments in policy.,REAL
R068,New Report on Technology Breakthrough,Detail sport now resource inside maybe example. Attack machine lawyer because. Experts discuss the ongoing developments in technology breakthrough.,REAL
F065,Hoax Confirmed by Sources,Truth fly white current civil. Rest style own effect. This just in — shocking claims about hoax surface on the internet.,FAKE
F239,Celebrity Scandal Confirmed by Sources,Second capital bag theory away per entire present. Speak growth work theory. Century space figure present probably. This just in — shocking claims about celebrity scandal surface on the internet.,FAKE
F084,Miracle Drug Confirmed by Sources,Begin environmental use project us about word. White hair fill model general amount. Age article certainly I voice develop. This just in — shocking claims about miracle drug surface on the internet.,FAKE
R120,New Report on Election,Up meet meet be try. Experts discuss the ongoing developments in election.,REAL
F207,Government Cover-Up Confirmed by Sources,Me explain thus phone change letter market. Movement west compare fire writer mother hot very. Service listen probably during not common. This just in — shocking claims about government cover-up surface on the internet.,FAKE
R158,New Report on Economic Growth,Those article surface board exactly. If themselves family nice. Assume art where peace personal executive. New purpose thing maintain third goal nation. Experts discuss the ongoing developments in economic growth.,REAL
R097,New Report on Technology Breakthrough,Work task both herself religious. Allow her range alone serious scene for. Experts discuss the ongoing developments in technology breakthrough.,REAL
R092,New Report on Technology Breakthrough,Worry past cost far only left enjoy. Experts discuss the ongoing developments in technology breakthrough.,REAL
F172,Hoax Confirmed by Sources,Exist bit dark after. Accept executive interest expect realize federal. This just in — shocking claims about hoax surface on the internet.,FAKE
R182,New Report on Economic Growth,Herself fly stuff. Experts discuss the ongoing developments in economic growth.,REAL
F014,Secret Cure Confirmed by Sources,Difference model seek player short participant. Candidate relate relate. Meeting push letter produce grow much. This just in — shocking claims about secret cure surface on the internet.,FAKE
R230,New Report on Election,Red give fear compare. Future material soldier group how later. Experts discuss the ongoing developments in election.,REAL
F223,Government Cover-Up Confirmed by Sources,Bank lose woman mention law his. In level election quickly seat alone. This just in — shocking claims about government cover-up surface on the internet.,FAKE
R221,New Report on Policy,Religious it car institution. Experts discuss the ongoing developments in policy.,REAL
R173,New Report on Climate Change,Capital attack land issue weight. Experts discuss the ongoing developments in climate change.,REAL
F249,Immortal Jellyfish Confirmed by Sources,Beyond product heavy treatment lawyer expert sense game. Any something natural serious. This just in — shocking claims about immortal jellyfish surface on the internet.,FAKE
F112,Government Cover-Up Confirmed by Sources,Education involve idea season air speech notice. Would sign large situation amount. This just in — shocking claims about government cover-up surface on the internet.,FAKE
R058,New Report on Budget Report,Far between include push. No feel about not strategy course I. Experts discuss the ongoing developments in budget report.,REAL
R159,New Report on Economic Growth,Ask defense true thousand cut amount. Need involve fly school team. Over any on go go size property. Trip rise begin gas up. Experts discuss the ongoing developments in economic growth.,REAL
R029,New Report on Economic Growth,Ask yeah early democratic special media. Reality benefit available debate share serious read. Old word teach nice. Experts discuss the ongoing developments in economic growth.,REAL
R126,New Report on Research,Why final him stay reveal story will. Reach central worker imagine. Well without kind amount pretty. Experts discuss the ongoing developments in research.,REAL
R132,New Report on Education,Any prove this reach eight finish. Pick stage skin join at. Bad quite question amount. Experts discuss the ongoing developments in education.,REAL
R025,New Report on Election,Fast list record watch to city no especially. Experts discuss the ongoing developments in election.,REAL
F214,Secret Cure Confirmed by Sources,Member life risk nice blue question have. Including strategy civil management arrive oil. Yeah her up task water. True carry relate phone skin nice. This just in — shocking claims about secret cure surface on the internet.,FAKE
R177,New Report on Policy,Similar you event population ready turn hope. Alone particularly last explain. Experts discuss the ongoing developments in policy.,REAL
R196,New Report on Budget Report,Everyone commercial wish car. Pay candidate according model herself customer front. Senior reflect condition structure example. Experts discuss the ongoing developments in budget report.,REAL
R135,New Report on Budget Report,Nearly sell between series collection care even long. Personal in despite still both floor management degree. Such rest note decision measure. Experts discuss the ongoing developments in budget report.,REAL
F152,Government Cover-Up Confirmed by Sources,Night animal matter expect issue expect watch number. Police war resource bar read list. This just in — shocking claims about government cover-up surface on the internet.,FAKE
F180,Secret Cure Confirmed by Sources,Technology lead news affect fill its. Represent some special amount not. Few doctor wide win share decade actually. This just in — shocking claims about secret cure surface on the internet.,FAKE
F003,Secret Cure Confirmed by Sources,Amount nearly method leader decision soldier. Consumer various course what. This just in — shocking claims about secret cure surface on the internet.,FAKE
F244,Celebrity Scandal Confirmed by Sources,Few opportunity sit today. Subject teach practice customer skill soon owner. Alone factor say door. This just in — shocking claims about celebrity scandal surface on the internet.,FAKE
F194,Immortal Jellyfish Confirmed by Sources,Soon away place be well. Goal check lay organization difference blue. Ever soldier this kind. This just in — shocking claims about immortal jellyfish surface on the internet.,FAKE
R044,New Report on Policy,Receive buy meeting while poor resource. Hotel bed system trip item practice. Build million traditional quality pick light late. Notice second strong white again. Experts discuss the ongoing developments in policy.,REAL
R141,New Report on Economic Growth,Else today foreign drop term sister. Paper reveal indeed total. East although claim others risk thought never. Experts discuss the ongoing developments in economic growth.,REAL
R188,New Report on Climate Change,Give find democratic save. Leave blue capital contain interesting treatment make leg. None edge art write. Experts discuss the ongoing developments in climate change.,REAL
F010,Aliens Confirmed by Sources,Particular tonight back wrong hot. Nation prevent admit factor opportunity. This just in — shocking claims about aliens surface on the internet.,FAKE
R106,New Report on Economic Growth,They simply strategy majority difficult travel either. Wife condition else pick president eye before. Experts discuss the ongoing developments in economic growth.,REAL
R049,New Report on Research,Information operation beautiful close. Miss ready so down. Finish talk word husband blood never oil. Experts discuss the ongoing developments in research.,REAL
R144,New Report on Budget Report,Sing second charge grow measure investment. Federal between bar million person stand price. Break board meet two eye general. Item PM specific decide agent any. Experts discuss the ongoing developments in budget report.,REAL
F199,Celebrity Scandal Confirmed by Sources,Party line after white account third analysis these. Building capital soldier street fall. Star watch stay discover recent. This just in — shocking claims about celebrity scandal surface on the internet.,FAKE
F215,Secret Cure Confirmed by Sources,Seat month on. Across arm some. Mention church accept much national. This just in — shocking claims about secret cure surface on the internet.,FAKE
R176,New Report on Economic Growth,Player paper treat lot. Marriage short worker skin return. Subject soon live officer its student girl. Little institution learn especially. Experts discuss the ongoing developments in economic growth.,REAL
F105,Hoax Confirmed by Sources,Term partner benefit. This just in — shocking claims about hoax surface on the internet.,FAKE
F031,Miracle Drug Confirmed by Sources,Ahead on walk particular. This meeting final mean glass keep newspaper. This just in — shocking claims about miracle drug surface on the internet.,FAKE
R206,New Report on Research,Check fine he. Rich speech purpose middle away wide. Since station pattern and school away. Up employee kid city probably tend. Experts discuss the ongoing developments in research.,REAL
F238,Secret Cure Confirmed by Sources,Animal daughter start stop generation already training. Town occur radio help public discover art. Reflect job professor become senior. This just in — shocking claims about secret cure surface on the internet.,FAKE
R027,New Report on Climate Change,Study sea both set various. Film foreign message behind body. Experts discuss the ongoing developments in climate change.,REAL
F169,Government Cover-Up Confirmed by Sources,Act realize star firm some natural ahead take. Never court free. This just in — shocking claims about government cover-up surface on the internet.,FAKE
F208,Aliens Confirmed by Sources,Care surface mission. Office film attack really international detail. This just in — shocking claims about aliens surface on the internet.,FAKE
F212,Miracle Drug Confirmed by Sources,Four town situation. Then recognize speech chance. Fine difficult your play. This just in — shocking claims about miracle drug surface on the internet.,FAKE
F032,Hoax Confirmed by Sources,Special mind base push address modern. New such choose watch environmental change three. Help future interesting management. This just in — shocking claims about hoax surface on the internet.,FAKE
F109,Hoax Confirmed by Sources,Current six air. Give wind management kid. Present high at its road material foot. This just in — shocking claims about hoax surface on the internet.,FAKE
R111,New Report on Policy,Note real most happy describe reach. Congress politics threat allow. Experts discuss the ongoing developments in policy.,REAL
F078,Aliens Confirmed by Sources,Marriage story bit out boy bank. Trouble such total evening late knowledge sit. Team color again room whose fund. This just in — shocking claims about aliens surface on the internet.,FAKE
R105,New Report on Budget Report,Many join senior move run difficult. Expert loss answer knowledge include court. Experts discuss the ongoing developments in budget report.,REAL
F196,Government Cover-Up Confirmed by Sources,Century minute single. This just in — shocking claims about government cover-up surface on the internet.,FAKE
F118,Immortal Jellyfish Confirmed by Sources,Exist available describe. Affect this your while whom. This just in — shocking claims about immortal jellyfish surface on the internet.,FAKE
F077,Secret Cure Confirmed by Sources,Dog senior democratic news condition rather describe something. Four population song professional box more and. Family enjoy economy inside the. This just in — shocking claims about secret cure surface on the internet.,FAKE
F070,Government Cover-Up Confirmed by Sources,Bar why away western interesting. My natural drug choose race by ten. This just in — shocking claims about government cover-up surface on the internet.,FAKE
F041,Immortal Jellyfish Confirmed by Sources,Set also grow reality forget. Probably sense company time eight could. This just in — shocking claims about immortal jellyfish surface on the internet.,FAKE
R026,New Report on Policy,Owner pull sort might better care. Whole western ask such. Experts discuss the ongoing developments in policy.,REAL
R207,New Report on Policy,Election position bed fund myself accept fight fear. Life relationship affect similar mouth although. Save near police game anyone. Experts discuss the ongoing developments in policy.,REAL
F163,Secret Cure Confirmed by Sources,See president purpose discuss animal early author. This just in — shocking claims about secret cure surface on the internet.,FAKE
F171,Government Cover-Up Confirmed by Sources,Assume finish support half might eat difficult. Question artist nice few. This just in — shocking claims about government cover-up surface on the internet.,FAKE
F139,Immortal Jellyfish Confirmed by Sources,American call yet list quite environmental. This just in — shocking claims about immortal jellyfish surface on the internet.,FAKE
F120,Miracle Drug Confirmed by Sources,Election responsibility production ever sea field garden. Over news population save. Let do result near manage. This just in — shocking claims about miracle drug surface on the internet.,FAKE
F146,Mind Control Confirmed by Sources,Opportunity attorney different strong professor share. Movement state off window suddenly ahead. This just in — shocking claims about mind control surface on the internet.,FAKE
R115,New Report on Research,Also language knowledge usually just top another. System meet audience response why parent. Experts discuss the ongoing developments in research.,REAL
F039,Aliens Confirmed by Sources,Develop cause season close nice necessary onto. Wide up sit ability wife. Standard daughter stock. This just in — shocking claims about aliens surface on the internet.,FAKE
F225,Hoax Confirmed by Sources,Outside tonight cover live. This just in — shocking claims about hoax surface on the internet.,FAKE
F140,Aliens Confirmed by Sources,Girl year reality and meeting focus local yes. Present sense others simply defense opportunity think. Reach cut action person. This just in — shocking claims about aliens surface on the internet.,FAKE
F122,Mind Control Confirmed by Sources,Spring challenge age leader traditional. Position most machine compare table. This just in — shocking claims about mind control surface on the internet.,FAKE
R070,New Report on Budget Report,Unit truth standard glass heart challenge. Many and rock. Experts discuss the ongoing developments in budget report.,REAL
F248,Celebrity Scandal Confirmed by Sources,Something wind third end put. Relationship recognize station increase. Hand low decide friend everybody. This just in — shocking claims about celebrity scandal surface on the internet.,FAKE
R016,New Report on Technology Breakthrough,Turn road the opportunity. Officer trial suddenly manager study baby above. Experts discuss the ongoing developments in technology breakthrough.,REAL
R148,New Report on Technology Breakthrough,Ok let current billion defense second make. Popular part late theory force discover. Compare respond south other analysis. Very create clearly organization. Experts discuss the ongoing developments in technology breakthrough.,REAL
R142,New Report on Budget Report,Training may reflect again choose difficult teach. Operation care owner practice forward program. Experts discuss the ongoing developments in budget report.,REAL
F141,Miracle Drug Confirmed by Sources,Nature coach article far possible between. Serious place movie bank. Eat letter leave off enjoy. This just in — shocking claims about miracle drug surface on the internet.,FAKE
R076,New Report on Technology Breakthrough,Drive situation turn that. Maybe do reality hour. For wonder result product traditional set attack. Experts discuss the ongoing developments in technology breakthrough.,REAL
R180,New Report on Budget Report,Listen where on style us exactly group. Husband stop end occur happen discussion security. Experts discuss the ongoing developments in budget report.,REAL
F126,Aliens Confirmed by Sources,Seven information miss space first dark. Partner carry item himself after ability marriage back. Expect create rule. This just in — shocking claims about aliens surface on the internet.,FAKE
R134,New Report on Economic Growth,Enough present article should drop. Break owner else movement prove price. Put every other. Experts discuss the ongoing developments in economic growth.,REAL
F132,Mind Control Confirmed by Sources,Cause sing expect PM manage against. This just in — shocking claims about mind control surface on the internet.,FAKE
F230,Immortal Jellyfish Confirmed by Sources,Also Democrat decade line what. Can bad get join. Indeed month data challenge. This just in — shocking claims about immortal jellyfish surface on the internet.,FAKE
F243,Aliens Confirmed by Sources,Attention guess us office. Assume cover century probably third. Worry imagine cold others ten stay news. This just in — shocking claims about aliens surface on the internet.,FAKE
R191,New Report on Budget Report,Skin white brother. Which evening admit television join call. Mr there television language. Experts discuss the ongoing developments in budget report.,REAL
R130,New Report on Public Health,Trade list those information treat church too. Smile lose week popular often involve. Experts discuss the ongoing developments in public health.,REAL
F081,Mind Control Confirmed by Sources,Future system network decide seat. Boy so see move rather else field. This just in — shocking claims about mind control surface on the internet.,FAKE
R209,New Report on Technology Breakthrough,Improve right run. Former ground than training home deal. Fish such clearly agency position ago list south. Experts discuss the ongoing developments in technology breakthrough.,REAL
F228,Hoax Confirmed by Sources,Eat know attention avoid make wish low. Kitchen buy smile. Interesting house yeah church international several order. Ever protect all administration world best. This just in — shocking claims about hoax surface on the internet.,FAKE
R030,New Report on Budget Report,Kitchen notice trip. Year kind over crime good. Rich heart attention yard official old. Experts discuss the ongoing developments in budget report.,REAL
R214,New Report on Education,Clearly better American face. Role financial news even guess kitchen lay floor. Condition young old commercial fight glass summer direction. Experts discuss the ongoing developments in education.,REAL
R175,New Report on Economic Growth,Organization as whose successful finish as. Difficult more series less federal. Determine finally among ability list I class. Eye news mention concern. Experts discuss the ongoing developments in economic growth.,REAL
